message,label
Your verification code is required to release your payment.,scam
Guaranteed returns with no risk. Register today.,scam
Your request has been successfully submitted.,normal
Your bank account requires urgent KYC verification.,scam
Your reservation has been confirmed.,normal
Your verification code is required to complete your reward claim.,scam
Your identity verification has failed. Send your documents now.,scam
Your package will arrive tomorrow.,normal
Your account information is available in your banking app.,normal
Your package was delivered to the requested address.,normal
Your bank account has been suspended. Click the link to reactivate it.,scam
Your service request has been completed.,normal
Your electricity bill is due on Monday.,normal
Your order has been confirmed.,normal
Your account has been reported for illegal activity. Contact us now.,scam
Your verification process is complete.,normal
Your monthly subscription payment was successful.,normal
You won a cash reward. Send Rs 500 processing fee to receive it.,scam
Share your OTP immediately or your account will be closed.,scam
Your shipment is waiting for address verification.,scam
Your account security requires OTP verification now.,scam
Your water bill is available online.,normal
Click this link to verify your bank account immediately.,scam
Earn Rs 5000 per day from home. Send your registration payment now.,scam
Your internet bill payment was successful.,normal
Click here to reschedule your delivery and pay the pending amount.,scam
Your job is confirmed. Pay the security deposit to start working.,scam
Claim your free prize before the offer expires.,scam
Your mobile recharge was completed successfully.,normal
Pay Rs 99 delivery charges to receive your package.,scam
Congratulations! Your prize is waiting. Click the link to claim.,scam
Your password was changed successfully.,normal
Your account has been selected for verification by the authorities.,scam
Your investment can generate huge profits within 24 hours.,scam
Invest Rs 5000 today and receive guaranteed returns of Rs 50000.,scam
A new device was added to your account.,normal
Your interview is scheduled for tomorrow at 10 AM.,normal
Double your money in seven days with our investment plan.,scam
Urgent: verify your banking details to avoid account closure.,scam
Exclusive crypto investment opportunity with guaranteed returns.,scam
Your application status has been updated.,normal
Your exam schedule is available on the student portal.,normal
Immediate action required to protect your bank account.,scam
This is your bank manager. Send your OTP for account verification.,scam
Your electricity bill has been generated.,normal
Send money to our investment account and receive guaranteed profit.,scam
Your account balance was updated successfully.,normal
Your account has been successfully updated.,normal
Your package is held at customs. Pay the fee immediately.,scam
Your utility bill is available in your account.,normal
This is the police department. Pay the fine immediately to avoid arrest.,scam
Exclusive reward waiting for you. Claim your prize today.,scam
Your job application has been received.,normal
Work from home and earn Rs 1 lakh monthly. Contact us now.,scam
We offer a guaranteed online job with high salary. Register immediately.,scam
Your class timetable has been updated.,normal
You have been shortlisted for a job. Send your documents and payment.,scam
Your order has been shipped.,normal
Your shopping order is being prepared.,normal
Send the OTP received on your phone to verify your account.,scam
Easy part-time job available. Deposit money to activate your account.,scam
Your account recovery request was received.,normal
Please remember your appointment tomorrow.,normal
Your package could not be delivered. Pay the pending customs fee.,scam
Your delivery address has been updated.,normal
Your debit card payment was completed successfully.,normal
Your OTP is valid for 10 minutes. Do not share it with anyone.,normal
Your delivery is scheduled for Monday.,normal
Your payment was received successfully.,normal
Your payment receipt is now available.,normal
Your login was successful.,normal
Your scheduled bank transfer has been completed.,normal
Your monthly bank statement is ready to view.,normal
Your interview feedback is available.,normal
Use the verification code to complete your login.,normal
Your ATM card is disabled. Send your OTP to reactivate it.,scam
Provide your password to verify your identity.,scam
We are calling from technical support. Install this application immediately.,scam
Your delivery address is incorrect. Update it using this link immediately.,scam
"Congratulations, your job application has been selected. Pay the verification fee.",scam
Thank you for using our service.,normal
"Congratulations, your bank account is eligible for a special cash reward.",scam
You successfully signed in to your account.,normal
Never share your OTP with anyone. Your OTP is 123456.,scam
I am calling from customer support. Provide your card details.,scam
Earn 300 percent returns with zero risk.,scam
We detected unusual activity in your bank account. Verify now.,scam
You have won a lucky draw. Provide your bank details to receive the money.,scam
Your college assignment submission was successful.,normal
Earn money by completing simple tasks. Deposit Rs 500 to begin.,scam
Your parcel is on hold. Pay Rs 50 to complete delivery.,scam
Your bank transaction failed. Share your PIN to resolve the issue.,scam
Your parcel will be returned today unless you verify your address.,scam
Your course registration was completed successfully.,normal
Your account has suspicious activity. Confirm your password now.,scam
Your package is out for delivery.,normal
Your internship application is under review.,normal
Your password has expired. Click here to reset it immediately.,scam
Your mobile bill is ready to view.,normal
Guaranteed job opportunity. Pay the training fee today.,scam
Your appointment is confirmed for tomorrow.,normal
Your broadband payment was received.,normal
Confirm your login by sending the verification code.,scam
Your order has been delivered successfully.,normal
Your bank account will be blocked today. Verify your account immediately.,scam
Your order has reached the local delivery center.,normal
Your account notification is available.,normal
Your meeting is scheduled for 3 PM.,normal
Your requested document is ready.,normal
Your notification preferences were updated.,normal
Delivery failed. Confirm your address and card details.,scam
Your SIM will be disconnected unless you verify your identity.,scam
Your security settings were updated successfully.,normal
Your bank has processed your transaction.,normal
Your account security settings have been updated.,normal
Congratulations! You have won a lottery prize of Rs 10 lakh.,scam
Government notice: pay the pending fine immediately using this link.,scam
Your admission application has been received.,normal
Your bank transaction of Rs 500 was successful.,normal
Invest now and become a millionaire quickly.,scam
You have been selected for a lottery reward. Contact us immediately.,scam
"Congratulations, you have won Rs 5,00,000. Pay a small fee to claim.",scam
Send your OTP to confirm your bank transaction.,scam
Your debit card will be blocked. Confirm your card details now.,scam
Your bank KYC has expired. Update your details immediately.,scam
Your parcel requires immediate payment to avoid cancellation.,scam
Your bank statement for this month is now available.,normal
Give us the OTP to complete your transaction.,scam
You are the lucky winner of our cash prize. Claim now.,scam
You have been selected for a work from home job. Pay Rs 1000 registration fee.,scam
Guaranteed profit investment opportunity. Join immediately.,scam
Limited investment offer. Deposit money now to unlock your profits.,scam
Your mobile service will stop today. Complete KYC immediately.,scam
Your account will be permanently blocked unless you complete verification.,scam
Your mobile number has won a special prize.,scam
